District,Member,Party,Prior experience,Education,Assumed office,Residence,Born
Alabama 1,Bradley Byrne,Republican,Alabama SenateAlabama State Board of Education,Duke University (BA)University of Alabama (JD),2014 (special),Fairhope,1955
Alabama 2,Martha Roby,Republican,"Montgomery, Alabama City Council",New York University (BM)Samford University (JD),2011,Montgomery,1976
Alabama 3,Mike Rogers,Republican,"Calhoun County, Alabama CommissionerAlabama House of Representatives","Jacksonville State University (BA, MPA)Birmingham School of Law (JD)",2003,Saks,1958
Alabama 4,Robert Aderholt,Republican,"Haleyville, Alabama Municipal Judge",University of North AlabamaBirmingham–Southern College (BA)Samford University (JD),1997,Haleyville,1965
Alabama 5,Mo Brooks,Republican,"Alabama House of RepresentativesMadison County, Alabama Commissioner",Duke University (BA)University of Alabama (JD),2011,Huntsville,1954
Alabama 6,Gary Palmer,Republican,Policy analyst,University of Alabama (BS),2015,Hoover,1954
Alabama 7,Terri Sewell,Democratic,Attorney,"Princeton University (BA)St Hilda's College, Oxford (MA)Harvard University (JD)",2011,Birmingham,1965
Alaska at-large,Don Young,Republican,"Ship captainMayor of Fort Yukon, Alaska","Yuba CollegeCalifornia State University, Chico (BA)",1973 (special),Fort Yukon,1933
Arizona 1,Tom O'Halleran,Democratic,Arizona Senate,Lewis UniversityDePaul University,2017,Sedona,1946
Arizona 2,Ann Kirkpatrick,Democratic,"U.S. House, Arizona House of Representatives","University of Arizona (BA, JD)",2019,Tucson,1950
Arizona 3,Raúl Grijalva,Democratic,"Pima County, Arizona Board of Supervisors",University of Arizona (BA),2003,Tucson,1948
Arizona 4,Paul Gosar,Republican,President of the Northern Arizona Dental Society,"Creighton University (BS, DDS)",2011,Prescott,1958
Arizona 5,Andy Biggs,Republican,Arizona Senate,"Brigham Young University (BA)University of Arizona (JD)Arizona State University, Phoenix (MA)",2017,Gilbert,1958
Arizona 6,David Schweikert,Republican,"Arizona House of RepresentativesArizona Board of EducationArizona Board of EqualizationMaricopa County, Arizona Treasurer","Arizona State University, Tempe (BS, MBA)",2011,Scottsdale,1962
Arizona 7,Ruben Gallego,Democratic,Arizona House of Representatives,Harvard University (BA),2015,Phoenix,1979
Arizona 8,Debbie Lesko,Republican,Arizona House of RepresentativesArizona SenatePresident Pro Tempore of Arizona Senate,University of Wisconsin–Madison (BA),2018 (special),Peoria,1958
Arizona 9,Greg Stanton,Democratic,Mayor of Phoenix,Marquette University (BA)University of Michigan (JD),2019,Phoenix,1970
Arkansas 1,Rick Crawford,Republican,Broadcasterbusinessman,Arkansas State University (BS),2011,Jonesboro,1966
Arkansas 2,French Hill,Republican,Businessman,Vanderbilt University (BS),2015,Little Rock,1956
Arkansas 3,Steve Womack,Republican,"Mayor of Rogers, Arkansas",Arkansas Tech University (BA),2011,Rogers,1957
Arkansas 4,Bruce Westerman,Republican,Arkansas House of Representatives,University of Arkansas (BS)Yale University (MS),2015,Hot Springs,1967
California 1,Doug LaMalfa,Republican,California State SenateCalifornia State Assembly,Butte CollegeCalifornia Polytechnic State University (BS),2013,Richvale,1960
California 2,Jared Huffman,Democratic,California State Assembly,"University of California, Santa Barbara (BA)Boston College (JD)",2013,San Rafael,1964
California 3,John Garamendi,Democratic,United States Deputy Secretary of the InteriorVarious state offices,"University of California, Berkeley (BA)Harvard University (MBA)",2009 (special),Walnut Grove,1945
California 4,Tom McClintock,Republican,California SenateCalifornia State Assembly,"University of California, Los Angeles (BA)",2009,Elk Grove,1956
California 5,Mike Thompson,Democratic,California State Senate,"Napa Valley CollegeCalifornia State University, Chico (BA, MPA)",1999,St. Helena,1951
California 6,Doris Matsui,Democratic,"Sacramento, California City Council","University of California, Berkeley (BA)",2005 (special),Sacramento,1944
California 7,Ami Bera,Democratic,"Chief Medical Officer of Sacramento County, California","University of California, Irvine (BS, MD)",2013,Elk Grove,1965
California 8,Paul Cook,Republican,California State Assembly,"Southern Connecticut State University (BS)California State University, San Bernardino (MPA)University of California, Riverside (MA)",2013,Yucca Valley,1943
California 9,Jerry McNerney,Democratic,Engineering executive,"United States Military AcademyUniversity of New Mexico (BS, MS, PhD)",2007,Stockton,1951
California 10,Josh Harder,Democratic,Venture capitalistprofessor,"Stanford University (BA)Harvard University (MBA, MPP)",2019,Turlock,1986
California 11,Mark DeSaulnier,Democratic,California State SenateCalifornia State AssemblyContra Costa County Board of Supervisors,College of the Holy Cross (BA),2015,Concord,1952
California 12,Nancy Pelosi,Democratic,California Democratic Party Chair,Trinity Washington University (BA),1987 (special),San Francisco,1940
California 13,Barbara Lee,Democratic,California State Assembly,"Mills College (BA)University of California, Berkeley (MSW)",1998 (special),Oakland,1946
California 14,Jackie Speier,Democratic,"California State SenateCalifornia State AssemblySan Mateo County, California Board of Supervisors","University of California, Davis (BA)University of California, Hastings (JD)",2008 (special),Hillsborough,1950
California 15,Eric Swalwell,Democratic,"Dublin, California City Council","Campbell UniversityUniversity of Maryland, College Park (BA)University of Maryland, Baltimore (JD)",2013,Dublin,1980
California 16,Jim Costa,Democratic,California State SenateCalifornia State Assembly,"California State University, Fresno (BA)",2005,Fresno,1952
California 17,Ro Khanna,Democratic,Lawyerauthoreducator,University of Chicago (BA)Yale University (JD),2017,Fremont,1976
California 18,Anna Eshoo,Democratic,"San Mateo County, California Board of Supervisors",Cañada College,1993,Atherton,1942
California 19,Zoe Lofgren,Democratic,"Santa Clara County, California Board of Supervisors",Stanford University (BA)Santa Clara University (JD),1995,San Jose,1947
California 20,Jimmy Panetta,Democratic,"Deputy district attorney of Monterey County, California","Monterey Peninsula CollegeUniversity of California, Davis (BA)Santa Clara University (JD)",2017,Carmel Valley,1969
California 21,TJ Cox,Democratic,Engineerbusinessman,"University of Nevada, Reno (BS)Southern Methodist University (MBA)",2019,Fresno,1963
California 22,Devin Nunes,Republican,California State Director for the United States Department of Agriculture's Rural Development Section,"College of the SequoiasCalifornia Polytechnic State University (BS, MS)",2003,Tulare,1973
California 23,Kevin McCarthy,Republican,California State Assembly,"California State University, Bakersfield (BS, MBA)",2007,Bakersfield,1965
California 24,Salud Carbajal,Democratic,"Santa Barbara County, California Board of Supervisors","University of California, Santa Barbara (BA)Fielding Graduate University (MA)",2017,Santa Barbara,1964
California 25,Mike Garcia,Republican,BusinessmanUnited States Navy,United States Naval Academy (BS)Georgetown University (MA),2020 (special),Santa Clarita,1976
California 26,Julia Brownley,Democratic,California State Assembly,George Washington University (BA)American University (MBA),2013,Oak Park,1952
California 27,Judy Chu,Democratic,"Mayor of Monterey Park, CaliforniaMonterey Park City CouncilCalifornia State AssemblyCalifornia State Board of Equalization","University of California, Los Angeles (BA)Alliant International University (MA, PhD)",2009 (special),Monterey Park,1953
California 28,Adam Schiff,Democratic,California State SenateAssistant Prosecutor for theUnited States Attorney for the Southern District of California,Stanford University (BA)Harvard University (JD),2001,Burbank,1960
California 29,Tony Cárdenas,Democratic,Los Angeles City Council,"University of California, Santa Barbara (BS)",2013,San Fernando Valley,1963
California 30,Brad Sherman,Democratic,California Board of Equalization,"University of California, Los Angeles (BA)Harvard University (JD)",1997,Sherman Oaks,1954
California 31,Pete Aguilar,Democratic,"Mayor of Redlands, California",University of Redlands (BS),2015,Redlands,1979
California 32,Grace Napolitano,Democratic,California State Assembly,Cerritos CollegeTexas Southmost College,1999,Norwalk,1936
California 33,Ted Lieu,Democratic,California State SenateCalifornia State Assembly,"Stanford University (BA, BS)Georgetown University (JD)",2015,Torrance,1969
California 34,Jimmy Gomez,Democratic,California State Assembly,"University of California, Los Angeles (BA)Harvard University (MPP)",2017 (special),Los Angeles,1974
California 35,Norma Torres,Democratic,"California State SenateCalifornia State AssemblyMayor of Pomona, California",National Labor College (BA),2015,Pomona,1965
California 36,Raul Ruiz,Democratic,Emergency physician,"University of California, Los Angeles (BS)Harvard University (MD, MPP, MPH)",2013,Palm Desert,1972
California 37,Karen Bass,Democratic,Speaker of the California State Assembly,"San Diego State UniversityCalifornia State University, Dominguez Hills (BS)",2011,Baldwin Hills,1953
California 38,Linda Sánchez,Democratic,Attorney,"University of California, Berkeley (BA)University of California, Los Angeles (JD)",2003,Orange,1969
California 39,Gil Cisneros,Democratic,Philanthropist,George Washington University (BA)Regis University (MBA)Brown University (MA),2019,Yorba Linda,1971
California 40,Lucille Roybal-Allard,Democratic,Public relations executive,"California State University, Los Angeles (BA)",1993,Downey,1941
California 41,Mark Takano,Democratic,Teacher,"Harvard University (BA)University of California, Riverside (MFA)",2013,Riverside,1960
California 42,Ken Calvert,Republican,Real estate executive,Chaffey CollegeSan Diego State University (BA),1993,Corona,1953
California 43,Maxine Waters,Democratic,California State Assembly,"California State University, Los Angeles (BA)",1991,Inglewood,1938
California 44,Nanette Barragán,Democratic,"Hermosa Beach, California City Council","University of California, Los Angeles (BA)University of Southern California (JD)",2017,San Pedro,1976
California 45,Katie Porter,Democratic,Attorneyprofessor,Yale University (BA)Harvard University (JD),2019,Irvine,1974
California 46,Lou Correa,Democratic,"California State SenateOrange County, California Board of SupervisorsCalifornia State Assembly","California State University, Fullerton (BA)University of California, Los Angeles (JD, MBA)",2017,Santa Ana,1958
California 47,Alan Lowenthal,Democratic,California State SenateCalifornia State Assembly,"Hobart College (BA)Ohio State University (MA, PhD)",2013,Long Beach,1941
California 48,Harley Rouda,Democratic,Lawyer,University of Kentucky (BA)Ohio State University (MBA)Capital University (JD),2019,Laguna Beach,1961
California 49,Mike Levin,Democratic,Environmental activist,Stanford University (BA)Duke University (JD),2019,San Juan Capistrano,1978
California 50,Vacant,,,,,,
California 51,Juan Vargas,Democratic,California State SenateCalifornia State AssemblySan Diego City Council,University of San Diego (BA)Fordham University (MA)Harvard University (JD),2013,Golden Hill,1961
California 52,Scott Peters,Democratic,San Diego City CouncilSan Diego Port Commission,Duke University (BA)New York University (JD),2013,La Jolla,1958
California 53,Susan Davis,Democratic,California State AssemblySan Diego School Board,"University of California, Berkeley (BA)University of North Carolina at Chapel Hill (MSW)",2001,San Diego,1944
Colorado 1,Diana DeGette,Democratic,Colorado House of Representatives,Colorado College (BA)New York University (JD),1997,Denver,1957
Colorado 2,Joe Neguse,Democratic,Executive Director of the Colorado Department of Regulatory Agencies Regents of the University of Colorado,"University of Colorado, Boulder (BA, JD)",2019,Boulder,1984
Colorado 3,Scott Tipton,Republican,Colorado House of Representatives,Fort Lewis College (BA),2011,Cortez,1956
Colorado 4,Ken Buck,Republican,"Weld County, ColoradoProsecutor U.S. Attorney's Office",Princeton University (BA)University of Wyoming (JD),2015,Greeley,1959
Colorado 5,Doug Lamborn,Republican,President pro tempore of the Colorado SenateColorado House of Representatives,"University of Kansas (BS, JD)",2007,Colorado Springs,1954
Colorado 6,Jason Crow,Democratic,Attorney,"University of Wisconsin, Madison (BA)University of Denver (JD)",2019,Aurora,1979
Colorado 7,Ed Perlmutter,Democratic,Colorado Senate,"University of Colorado Boulder (BA, JD)",2007,Lakewood,1953
Connecticut 1,John B. Larson,Democratic,"Connecticut SenateEast Hartford, Connecticut City CouncilEast Hartford, Connecticut Board of Education",Central Connecticut State University (BA),1999,East Hartford,1948
Connecticut 2,Joe Courtney,Democratic,Connecticut House of Representatives,Tufts University (BA)University of Connecticut (JD),2007,Vernon,1953
Connecticut 3,Rosa DeLauro,Democratic,Executive Director of EMILY's ListPolitical aide,"Marymount College, Tarrytown (BA)London School of Economics(MA)Columbia University (MA)",1991,New Haven,1943
Connecticut 4,Jim Himes,Democratic,"Financial executiveGreenwich, Connecticut Housing Authority Board","Harvard University (BA)St Edmund Hall, Oxford (MPhil)",2009,Cos Cob,1966
Connecticut 5,Jahana Hayes,Democratic,Teacher,Naugatuck Valley Community CollegeSouthern Connecticut State University (BA)University of Saint Joseph (MA)University of Bridgeport (SYC),2019,Wolcott,1973
Delaware at-large,Lisa Blunt Rochester,Democratic,"Delaware Labor Secretary, Delaware Personnel Director",Fairleigh Dickinson University(BA)University of Delaware (MA),2017,Wilmington,1962
Florida 1,Matt Gaetz,Republican,Florida House of Representatives,Florida State University (BS)College of William & Mary (JD),2017,Fort Walton Beach,1982
Florida 2,Neal Dunn,Republican,Surgeon,Washington and Lee University (BS)George Washington University (MD),2017,Panama City,1953
Florida 3,Ted Yoho,Republican,Veterinarian,"Broward CollegeUniversity of Florida (BS, DVM)",2013,Gainesville,1955
Florida 4,John Rutherford,Republican,Sheriff of Jacksonville,Florida State CollegeFlorida State University (BS),2017,Jacksonville,1952
Florida 5,Al Lawson,Democratic,Florida Senate,Florida A&M University (BA)Florida State University (MPA),2017,Tallahassee,1948
Florida 6,Michael Waltz,Republican,U.S. ArmyIntelligence analyst,Virginia Military Institute (BS),2019,Daytona Beach,1974
Florida 7,Stephanie Murphy,Democratic,Advisoreducator,College of William & Mary (BA)Georgetown University (MS),2017,Winter Park,1978
Florida 8,Bill Posey,Republican,"Florida SenateFlorida House of RepresentativesRockledge, Florida City Council",Eastern Florida State College,2009,Rockledge,1947
Florida 9,Darren Soto,Democratic,Florida SenateFlorida House of Representatives,Rutgers University–New Brunswick (BA)George Washington University (JD),2017,Orlando,1978
Florida 10,Val Demings,Democratic,Chief of the Orlando Police Department,Florida State University (BS),2017,Orlando,1957
Florida 11,Daniel Webster,Republican,Florida SenateSpeaker of Florida House of Representatives,Georgia Institute of Technology (BS),2011,Winter Garden,1949
Florida 12,Gus Bilirakis,Republican,Florida House of Representatives,St. Petersburg CollegeUniversity of Florida (BA)Stetson University (JD),2007,Palm Harbor,1963
Florida 13,Charlie Crist,Democratic,Governor of FloridaAttorney General of FloridaEducation Commissioner of FloridaFlorida Senate,Wake Forest UniversityFlorida State University (BA)Samford University (JD),2017,St. Petersburg,1956
Florida 14,Kathy Castor,Democratic,"Assistant General Counsel to the Florida Department of Community AffairsPresident of the Florida Association of Women LawyersHillsborough County, Florida Board of Commissioners",Emory University (BA)Florida State University (JD),2007,Tampa,1966
Florida 15,Ross Spano,Republican,Florida House of Representatives,University of South Florida (BA)Florida State University (JD),2019,Dover,1966
Florida 16,Vern Buchanan,Republican,Auto dealer,Cleary University (BA)University of Detroit Mercy (MBA),2007,Longboat Key,1951
Florida 17,Greg Steube,Republican,Florida SenateFlorida House of Representatives,"University of Florida (BS, JD)",2019,Sarasota,1978
Florida 18,Brian Mast,Republican,U.S. Army Soldier,Palm Beach Atlantic UniversityAmerican Military UniversityHarvard University (BLA),2017,Hutchinson Island,1980
Florida 19,Francis Rooney,Republican,United States Ambassador to the Holy See,"Georgetown University (BA, JD)",2017,Naples,1953
Florida 20,Alcee Hastings,Democratic,Judge of the United States District Court for the Southern District of Florida,Howard UniversityFisk University (BA)Florida A&M University (JD),1993,Miramar,1936
Florida 21,Lois Frankel,Democratic,"Mayor of West Palm Beach, FloridaFlorida House of Representatives",Boston University (BA)Georgetown University (JD),2013,West Palm Beach,1948
Florida 22,Ted Deutch,Democratic,Florida Senate,"University of Michigan (BA, JD)",2010 (special),Boca Raton,1966
Florida 23,Debbie Wasserman Schultz,Democratic,Florida SenateFlorida House of RepresentativesDemocratic National Committee Chair,"University of Florida (BA, MA)",2005,Weston,1966
Florida 24,Frederica Wilson,Democratic,Florida SenateFlorida House of RepresentativesMiami-Dade County Public Schools Board,Fisk University (BA)University of Miami (MA),2011,Miami Gardens,1942
Florida 25,Mario Díaz-Balart,Republican,Florida SenateFlorida House of Representatives,University of South Florida (BA),2003,Miami,1961
Florida 26,Debbie Mucarsel-Powell,Democratic,College administrator,Pitzer College (BA)Claremont Graduate University (MA),2019,Miami,1971
Florida 27,Donna Shalala,Democratic,"President of the Clinton FoundationPresident of the University of MiamiUnited States Secretary of Health and Human ServicesChancellor of the University of Wisconsin, Madison","Western College for Women (BA)Syracuse University (MA, PhD)",2019,Coral Gables,1941
Georgia 1,Buddy Carter,Republican,"Georgia State SenateGeorgia House of RepresentativesMayor of Pooler, Georgia",Young Harris CollegeUniversity of Georgia (BS),2015,Pooler,1957
Georgia 2,Sanford Bishop,Democratic,Georgia State SenateGeorgia House of Representatives,Morehouse College (BA)Emory University (JD),1993,Albany,1947
Georgia 3,Drew Ferguson,Republican,"Mayor of West Point, Georgia",University of Georgia (BS)Augusta University (DMD),2017,West Point,1966
Georgia 4,Hank Johnson,Democratic,"DeKalb County, Georgia CommissionerAssociate Magistrate Judge",Clark Atlanta University (BA)Texas Southern University (JD),2007,Lithonia,1954
Georgia 5,Vacant,,,,,,
Georgia 6,Lucy McBath,Democratic,Activist,Virginia State University (BA),2019,Marietta,1960
Georgia 7,Rob Woodall,Republican,Political aideAttorney,Furman University (BA)University of Georgia (JD),2011,Peachtree Corners,1970
Georgia 8,Austin Scott,Republican,Georgia House of Representatives,University of Georgia (BA),2011,Tifton,1969
Georgia 9,Doug Collins,Republican,Georgia House of Representatives,University of North Georgia (BA)New Orleans Baptist Theological Seminary (MDiv)Atlanta's John Marshall Law School (JD),2013,Gainesville,1966
Georgia 10,Jody Hice,Republican,Radio show hostSouthern Baptist pastor,Asbury University (BA)Southwestern Baptist Theological Seminary (MDiv)Luther Rice College and Seminary (DMin),2015,Bethlehem,1960
Georgia 11,Barry Loudermilk,Republican,Georgia State SenateGeorgia House of Representatives,Air UniversityWayland Baptist University (BS),2015,Cassville,1963
Georgia 12,Rick W. Allen,Republican,Businessman,Auburn University (BS),2015,Augusta,1951
Georgia 13,David Scott,Democratic,Georgia State SenateGeorgia House of Representatives,Florida A&M University (BA)University of Pennsylvania (MBA),2003,Atlanta,1945
Georgia 14,Tom Graves,Republican,"Georgia House of Representatives,",University of Georgia (BA),2010 (special),Ranger,1970
Hawaii 1,Ed Case,Democratic,"U.S. House, Hawaii House of Representatives","Williams College (BA)University of California, Hastings (JD)",2019,Kaneohe,1952
Hawaii 2,Tulsi Gabbard,Democratic,Honolulu City CouncilHawaii House of Representatives,Hawaii Pacific University (BS),2013,Honolulu,1981
Idaho 1,Russ Fulcher,Republican,Idaho Senate,"Boise State University (BA, MBA)",2019,Meridian,1962
Idaho 2,Mike Simpson,Republican,"Idaho House of RepresentativesBlackfoot, Idaho City Council",Utah State University (BS)Washington University in St. Louis (DMD),1999,Idaho Falls,1950
Illinois 1,Bobby Rush,Democratic,Chicago City Council,Roosevelt University (BGS)University of Illinois at Chicago (MA)McCormick Theological Seminary (MA),1993,Englewood,1946
Illinois 2,Robin Kelly,Democratic,Illinois House of RepresentativesChief of Staff to the Illinois TreasurerChief Administrative Officer to the Cook County President,"Bradley University (BA, MA)Northern Illinois University (PhD)",2013 (special),Matteson,1956
Illinois 3,Dan Lipinski,Democratic,Member of the University of Notre Dame and University of Tennessee Faculty,Northwestern University (BS)Stanford University (MS)Duke University (PhD),2005,Western Springs,1966
Illinois 4,"Jesús ""Chuy"" García",Democratic,Cook County Board of CommissionersIllinois SenateChicago City Council,"University of Illinois, Chicago (BA, MUP)",2019,Chicago,1956
Illinois 5,Mike Quigley,Democratic,Cook County Board of Commissioners,Roosevelt University (BA)University of Chicago (MPP)Loyola University Chicago (JD),2009 (special),"Lincoln Park, Chicago",1958
Illinois 6,Sean Casten,Democratic,Entrepreneur,"Middlebury College (BA)Dartmouth College (MSEM, MS)",2019,Downers Grove,1971
Illinois 7,Danny K. Davis,Democratic,Chicago City CouncilCook County Board of Commissioners,University of Arkansas at Pine Bluff (BA)Chicago State University (MS)Union Institute & University (PhD),1997,"Austin, Chicago",1941
Illinois 8,Raja Krishnamoorthi,Democratic,Public Servantlawyer,Princeton University (BS)Harvard University (JD),2017,Schaumburg,1973
Illinois 9,Jan Schakowsky,Democratic,Illinois House of Representatives,University of Illinois at Urbana–Champaign (BS),1999,Evanston,1944
Illinois 10,Brad Schneider,Democratic,"U.S. Representative for Illinois 10, management consultant","Northwestern University (BS, MBA)",2017,Deerfield,1961
Illinois 11,Bill Foster,Democratic,"U.S. House, research physicist, businessman","University of Wisconsin–Madison (BS)Harvard University (MS, PhD)",2013,Naperville,1955
Illinois 12,Mike Bost,Republican,Illinois House of RepresentativesFirefighter,–,2015,Murphysboro,1960
Illinois 13,Rodney Davis,Republican,Congressional staffer,Millikin University (BA),2013,Taylorville,1970
Illinois 14,Lauren Underwood,Democratic,Registered nurse,"University of Michigan (BSN)Johns Hopkins University (MSN, MPH)",2019,Naperville,1986
Illinois 15,John Shimkus,Republican,"Madison County, Illinois Treasurer",United States Military Academy (BS)Southern Illinois University Edwardsville (MBA),1997,Collinsville,1958
Illinois 16,Adam Kinzinger,Republican,"McLean County, Illinois Board of Commissioners, Air Force pilot",Illinois State University (BA),2011,Rockford,1978
Illinois 17,Cheri Bustos,Democratic,"East Moline, Illinois City Council, healthcare executive, journalist","University of Maryland, College Park (BA)University of Illinois, Springfield (MA)",2013,East Moline,1961
Illinois 18,Darin LaHood,Republican,"Illinois SenateProsecutor U.S. Attorney's OfficeDeputy Prosecutor Tazewell County, Illinois","Loras College (BA)John Marshall Law School, Chicago (JD)",2015 (special),Dunlap,1968
Indiana 1,Pete Visclosky,Democratic,AttorneyCongressional aide,Indiana University Northwest (BA)University of Notre Dame (JD)Georgetown University (LLM),1985,Merrillville,1949
Indiana 2,Jackie Walorski,Republican,Indiana House of Representatives,Liberty UniversityTaylor University (BA),2013,Jimtown,1963
Indiana 3,Jim Banks,Republican,Indiana Senate,Indiana University Bloomington (BA)Grace College & Seminary (MBA),2017,Columbia City,1979
Indiana 4,Jim Baird,Republican,"Indiana House of RepresentativesPutnam County, Indiana Commission","Purdue University, West Lafayette (BS, MS)University of Kentucky (PhD)",2019,Greencastle,1945
Indiana 5,Susan Brooks,Republican,U.S. Attorney for Southern IndianaDeputy Mayor of Indianapolis,"Miami University (BA)Indiana University, Indianapolis (JD)",2013,Carmel,1960
Indiana 6,Greg Pence,Republican,Businessman,"Loyola University Chicago (BA, MBA)",2019,Edinburgh,1956
Indiana 7,André Carson,Democratic,Indianapolis City-County Council,Concordia University Wisconsin (BA)Indiana Wesleyan University (MS),2008 (special),"Center Township, Marion County",1974
Indiana 8,Larry Bucshon,Republican,Heart Surgeon,University of Illinois at Urbana–Champaign (BS)University of Illinois at Chicago (MD),2011,Newburgh,1962
Indiana 9,Trey Hollingsworth,Republican,CEO of Hollingsworth Capital Partners,University of Pennsylvania (BS)Georgetown University (MPP),2017,Jeffersonville,1983
Iowa 1,Abby Finkenauer,Democratic,Iowa House of Representatives,Drake University (BA),2019,Dubuque,1988
Iowa 2,Dave Loebsack,Democratic,Professor,"Iowa State University (BA, MA)University of California, Davis (PhD)",2007,Iowa City,1952
Iowa 3,Cindy Axne,Democratic,Businesswoman,University of Iowa (BA)Northwestern University (MBA),2019,West Des Moines,1965
Iowa 4,Steve King,Republican,Iowa Senate,Northwest Missouri State University,2003,Kiron,1949
Kansas 1,Roger Marshall,Republican,Obstetrician,Kansas State University (BS)University of Kansas (MD),2017,Great Bend,1960
Kansas 2,Steve Watkins,Republican,Military contractorVeteran,United States Military Academy (BS),2019,Topeka,1976
Kansas 3,Sharice Davids,Democratic,AttorneyMixed martial artist,Haskell Indian Nations UniversityUniversity of KansasJohnson County Community CollegeUniversity of Missouri–Kansas City (BA)Cornell University (JD),2019,Shawnee,1980
Kansas 4,Ron Estes,Republican,Kansas State Treasurer,"Tennessee Technological University (BS, MBA)",2017 (special),Wichita,1956
Kentucky 1,James Comer,Republican,Kentucky House of RepresentativesAgriculture Commissioner of Kentucky,Western Kentucky University (BS),2016 (special),Tompkinsville,1972
Kentucky 2,Brett Guthrie,Republican,Kentucky Senate,United States Military Academy (BS)Yale University (MBA),2009,Bowling Green,1964
Kentucky 3,John Yarmuth,Democratic,"Newspaper publisherVice-President for University Relations, University of Louisville",Yale University (BA)Georgetown University,2007,Louisville,1947
Kentucky 4,Thomas Massie,Republican,"Judge-Executive of Lewis County, Kentucky","Massachusetts Institute of Technology (BS, MS)",2012 (special),Garrison,1971
Kentucky 5,Hal Rogers,Republican,"Commonwealth's Attorney for Pulaski County, Kentucky and Rockcastle County, Kentucky",Western Kentucky University (BA)University of Kentucky (LLB),1981,Mount Vernon,1937
Kentucky 6,Andy Barr,Republican,Attorney,University of Virginia (BA)University of Kentucky (JD),2013,Lexington,1973
Louisiana 1,Steve Scalise,Republican,Louisiana State SenateLouisiana House of Representatives,Louisiana State University (BS),2008 (special),Jefferson,1965
Louisiana 2,Cedric Richmond,Democratic,Louisiana House of Representatives,Morehouse College (BA)Tulane University (JD),2011,New Orleans,1973
Louisiana 3,Clay Higgins,Republican,"Reserve Deputy Marshal of Lafayette, Louisiana",Louisiana State University,2017,Port Barre,1961
Louisiana 4,Mike Johnson,Republican,Louisiana House of Representatives,"Louisiana State University (BA, JD)",2017,Benton,1972
Louisiana 5,Ralph Abraham,Republican,Physician,"Louisiana State University (BS, DVM)LSU New Orleans (MD)",2015,Mangham,1954
Louisiana 6,Garret Graves,Republican,Louisiana Coastal Protection and Restoration Authority,University of AlabamaLouisiana Tech UniversityAmerican University,2015,Baton Rouge,1972
Maine 1,Chellie Pingree,Democratic,"Maine State SenatePresident, Common Cause",University of Southern MaineCollege of the Atlantic (BS),2009,North Haven,1955
Maine 2,Jared Golden,Democratic,Maine House of Representatives,"University of Maine, FarmingtonBates College (BA)",2019,Lewiston,1982
Maryland 1,Andy Harris,Republican,Maryland State SenateAnesthesiologist,"Johns Hopkins University (BS, MD, MHS)",2011,Cockeysville,1957
Maryland 2,Dutch Ruppersberger,Democratic,Baltimore County ExecutiveChief of the Office of Investigative Division for Maryland's Department of JusticeBaltimore County Assistant State's Attorney,"Baltimore City CollegeUniversity of Maryland, College Park (BA)University of Baltimore (JD)",2003,Baltimore,1946
Maryland 3,John Sarbanes,Democratic,AttorneyLaw clerk,Princeton University (BA)Harvard University (JD),2007,Towson,1962
Maryland 4,Anthony G. Brown,Democratic,Lieutenant Governor of MarylandMaryland House of Delegates,"Harvard University (BA, JD)",2017,Lanham,1961
Maryland 5,Steny Hoyer,Democratic,President of the Maryland State SenateMaryland Board of Higher Education,"University of Maryland, College Park (BA)Georgetown University (JD)",1981 (special),Mechanicsville,1939
Maryland 6,David Trone,Democratic,Businessman,Furman University (BA)University of Pennsylvania (MBA),2019,Potomac,1955
Maryland 7,Kweisi Mfume,Democratic,Baltimore City Council U.S. House President of the NAACP,Baltimore City Community CollegeMorgan State University (BA)Johns Hopkins University (MA),2020 (special),Baltimore,1948
Maryland 8,Jamie Raskin,Democratic,Maryland State Senate Majority Whip,"Harvard University (BA, JD)",2017,Takoma Park,1962
Massachusetts 1,Richard Neal,Democratic,"Mayor of Springfield, Massachusetts",Holyoke Community CollegeAmerican International College (BA)University of Hartford (MA),1989,Springfield,1949
Massachusetts 2,Jim McGovern,Democratic,Congressional staff member,"American University (BA, MPA)",1997,Worcester,1959
Massachusetts 3,Lori Trahan,Democratic,"Businesswoman, Chief of Staff to Rep. Marty Meehan",Georgetown University (BA),2019,Westford,1973
Massachusetts 4,Joe Kennedy III,Democratic,ProsecutorAssistant district attorney,Stanford University (BA)Harvard University (JD),2013,Brookline,1980
Massachusetts 5,Katherine Clark,Democratic,Massachusetts SenateMassachusetts House of RepresentativesAttorney,St. Lawrence University (BA)Cornell University (JD)Harvard University (MPA),2013 (special),Melrose,1963
Massachusetts 6,Seth Moulton,Democratic,BusinessmanActivistU.S. Marine Corps Captain,"Harvard University (BS, MBA, MPP)",2015,Salem,1978
Massachusetts 7,Ayanna Pressley,Democratic,Boston City Council,Boston University,2019,Dorchester,1974
Massachusetts 8,Stephen F. Lynch,Democratic,Massachusetts SenateMassachusetts House of Representatives,Wentworth Institute of Technology (BS)Boston College (JD)Harvard University (MPA),2001 (special),Boston,1955
Massachusetts 9,Bill Keating,Democratic,"Massachusetts House of RepresentativesMassachusetts SenateNorfolk County, Massachusetts District Attorney","Boston College (BA, MBA)Suffolk University (JD)",2011,Bourne,1952
Michigan 1,Jack Bergman,Republican,U.S. Marine Corps Lieutenant General,Gustavus Adolphus College (BA)University of West Florida (MBA),2017,Watersmeet,1947
Michigan 2,Bill Huizenga,Republican,Michigan House of Representatives,Calvin College (BA),2011,Zeeland,1969
Michigan 3,Justin Amash,Libertarian,Michigan House of Representatives,"University of Michigan (BA, JD)",2011,Cascade Township,1980
Michigan 4,John Moolenaar,Republican,Michigan SenateMichigan House of Representatives,Hope College (BS)Harvard University (MPA),2015,Midland,1961
Michigan 5,Dan Kildee,Democratic,"Genesee County, Michigan Treasurer",University of Michigan–FlintCentral Michigan University (BS),2013,Flint Township,1958
Michigan 6,Fred Upton,Republican,U.S. government administrator,University of Michigan (BA),1987,St. Joseph,1953
Michigan 7,Tim Walberg,Republican,U.S. HouseMichigan House of Representatives,"Western Illinois UniversityMoody Bible InstituteTaylor University (BA)Wheaton College, Illinois (MA)",2011,Tipton,1951
Michigan 8,Elissa Slotkin,Democratic,Assistant Secretary of Defense for International Security Affairs,Cornell University (BA)Columbia University (MA),2019,Holly,1976
Michigan 9,Andy Levin,Democratic,Attorney,"Williams College (BA)University of Michigan, Ann Arbor (MA)Harvard University (JD)",2019,Bloomfield,1960
Michigan 10,Paul Mitchell,Republican,Businessman,Michigan State University (BA),2017,Dryden Township,1961
Michigan 11,Haley Stevens,Democratic,Presidential Task Force on the Auto Industry,"American University (BA, MA)",2019,Rochester Hills,1983
Michigan 12,Debbie Dingell,Democratic,Lobbyist,"Georgetown University (BS, MS)",2015,Dearborn,1953
Michigan 13,Rashida Tlaib,Democratic,Michigan House of Representatives,Wayne State University (BA)Thomas M. Cooley Law School (JD),2019,Detroit,1976
Michigan 14,Brenda Lawrence,Democratic,"Mayor of Southfield, Michigan",University of Detroit MercyCentral Michigan University (BA),2015,Southfield,1954
Minnesota 1,Jim Hagedorn,Republican,"Director for Legislative and Public Affairs for the Financial Management Service, United States Department of the TreasuryCongressional Affairs Officer, Bureau of Engraving and Printing",George Mason University (BA),2019,Blue Earth,1962
Minnesota 2,Angie Craig,Democratic,Medical technology executivereporter,University of Memphis (BA),2019,Eagan,1972
Minnesota 3,Dean Phillips,Democratic,Businessman,Brown University (BA)University of Minnesota (MBA),2019,Deephaven,1969
Minnesota 4,Betty McCollum,Democratic,North St. Paul City CouncilMinnesota House of Representatives,St. Catherine University (BA),2001,Saint Paul,1954
Minnesota 5,Ilhan Omar,Democratic,Minnesota House of Representatives,North Dakota State University (BA),2019,Minneapolis,1982
Minnesota 6,Tom Emmer,Republican,Minnesota House of Representatives,Boston CollegeUniversity of Alaska Fairbanks (BA)William Mitchell College of Law (JD),2015,Delano,1961
Minnesota 7,Collin Peterson,Democratic,Certified Public AccountantMinnesota Senate,Minnesota State University Moorhead (BA),1991,Detroit Lakes,1944
Minnesota 8,Pete Stauber,Republican,"St. Louis County, Minnesota County CommissionPolice lieutenantProfessional hockey player",Lake Superior State University (BA),2019,Hermantown,1966
Mississippi 1,Trent Kelly,Republican,"District attorney, Tupelo, MississippiCity prosecutorArmy National Guard Colonel","East Central Community CollegeUniversity of Mississippi (BA, JD)United States Army War College (MA)",2015 (special),Saltillo,1966
Mississippi 2,Bennie Thompson,Democratic,"Alderman and Mayor of Bolton, MississippiHinds County, Mississippi Board of Supervisors",Tougaloo College (BA)Jackson State University (MS),1993 (special),Bolton,1948
Mississippi 3,Michael Guest,Republican,"District Attorney for Madison County, Mississippi and Rankin County, Mississippi Counties",Mississippi State University (BS)University of Mississippi (JD),2019,Brandon,1970
Mississippi 4,Steven Palazzo,Republican,Mississippi House of Representatives,"University of Southern Mississippi (BA, MPA)",2011,Gulfport,1970
Missouri 1,Lacy Clay,Democratic,Missouri SenateMissouri House of Representatives,"University of Maryland, College Park (BA)",2001,St. Louis,1956
Missouri 2,Ann Wagner,Republican,U.S. Ambassador to Luxembourg,University of Missouri (BS),2013,Ballwin,1962
Missouri 3,Blaine Luetkemeyer,Republican,"Missouri House of Representatives, State Tourism Director","Lincoln University, Missouri (BA)",2009,St. Elizabeth,1952
Missouri 4,Vicky Hartzler,Republican,Missouri House of Representatives,University of Missouri (BS)University of Central Missouri (MS),2011,Harrisonville,1960
Missouri 5,Emanuel Cleaver,Democratic,"Mayor of Kansas City, MissouriPastorRadio show host",Prairie View A&M University (BS)Saint Paul School of Theology (MDiv),2005,Kansas City,1944
Missouri 6,Sam Graves,Republican,Missouri Senate,University of Missouri (BS),2001,Tarkio,1963
Missouri 7,Billy Long,Republican,Auctioneer,University of Missouri,2011,Springfield,1955
Missouri 8,Jason Smith,Republican,Missouri House of Representatives,University of Missouri (BS)Oklahoma City University (JD),2013 (special),Salem,1980
Montana at-large,Greg Gianforte,Republican,Business owner,"Stevens Institute of Technology (BS, MS)",2017 (special),Bozeman,1961
Nebraska 1,Jeff Fortenberry,Republican,"Lincoln, Nebraska city councilbusinessman",Louisiana State University (BA)Georgetown University (MPP)Franciscan University (ThM),2005,Lincoln,1960
Nebraska 2,Don Bacon,Republican,U.S. Air Force Brigadier General,Northern Illinois University (BA)University of Phoenix (MBA)National Defense University (MA),2017,Papillion,1963
Nebraska 3,Adrian Smith,Republican,"Gering, Nebraska City Council, Nebraska Legislature",Liberty UniversityUniversity of Nebraska–Lincoln (BA),2007,Gering,1970
Nevada 1,Dina Titus,Democratic,"U.S. House, Nevada Senate",College of William & Mary (BA)University of Georgia (MA)Florida State University (PhD),2013,Las Vegas,1950
Nevada 2,Mark Amodei,Republican,Nevada SenateNevada Assembly,"University of Nevada, Reno (BA)University of the Pacific (JD)",2011 (special),Carson City,1958
Nevada 3,Susie Lee,Democratic,Education advocate,"Carnegie Mellon University (BA, MS)",2019,Las Vegas,1966
Nevada 4,Steven Horsford,Democratic,"U.S. House, Nevada Senate","University of Nevada, Reno (BA)",2019,Las Vegas,1973
New Hampshire 1,Chris Pappas,Democratic,"New Hampshire Executive CouncilTreasurer of Hillsborough County, New HampshireNew Hampshire House of Representatives",Harvard University (BA),2019,Manchester,1980
New Hampshire 2,Ann McLane Kuster,Democratic,AttorneyLobbyist,Dartmouth College (BA)Georgetown University (JD),2013,Hopkinton,1956
New Jersey 1,Donald Norcross,Democratic,New Jersey SenateNew Jersey General Assembly,Camden County College,2014 (special),Camden,1958
New Jersey 2,Jeff Van Drew,Republican,New Jersey SenateNew Jersey General Assembly,"Rutgers University, New Brunswick (BS)Fairleigh Dickinson University (DMD)",2019,Dennis Township,1953
New Jersey 3,Andy Kim,Democratic,National security advisor,"Deep Springs CollegeUniversity of Chicago (BA)Magdalen College, Oxford (MPhil, PhD)",2019,Bordentown,1982
New Jersey 4,Chris Smith,Republican,Retail executive,The College of New Jersey (BS),1981,"Hamilton Township, Mercer County",1953
New Jersey 5,Josh Gottheimer,Democratic,LawyerPolitical aide,"University of Pennsylvania (BA)Pembroke College, OxfordHarvard University (JD)",2017,Wyckoff,1975
New Jersey 6,Frank Pallone,Democratic,"Long Branch, New Jersey city council, New Jersey Senate",Middlebury College (BA)Tufts University (MA)Rutgers University–Camden (JD),1988 (special),New Brunswick,1951
New Jersey 7,Tom Malinowski,Democratic,"Assistant Secretary of State for Democracy, Human Rights, and Labor","University of California, Berkeley (BA)St Antony's College, Oxford (MPhil)",2019,Rocky Hill,1965
New Jersey 8,Albio Sires,Democratic,Mayor of West New YorkNew Jersey General Assembly,Saint Peter's University (BA)Middlebury College (MA),2006 (special),West New York,1951
New Jersey 9,Bill Pascrell,Democratic,"New Jersey General Assembly, Mayor of Paterson, New Jersey","Fordham University (BA, MA)",1997,Paterson,1937
New Jersey 10,Donald Payne Jr.,Democratic,"Newark, New Jersey Municipal Council, Essex County, New Jersey Freeholder",Kean University,2012 (special),Newark,1958
New Jersey 11,Mikie Sherrill,Democratic,Assistant United States Attorney for the District of New JerseyU.S. Navy helicopter pilot,United States Naval Academy (BS)London School of Economics (MSc)Georgetown University (JD),2019,Montclair,1972
New Jersey 12,Bonnie Watson Coleman,Democratic,New Jersey General Assembly,Rutgers UniversityThomas Edison State University (BA),2015,Ewing Township,1945
New Mexico 1,Deb Haaland,Democratic,Chair of the New Mexico Democratic Party,"University of New Mexico, Albuquerque (BA, JD)",2019,Albuquerque,1960
New Mexico 2,Xochitl Torres Small,Democratic,Attorney,"Georgetown University (BA)University of New Mexico, Albuquerque (JD)",2019,Las Cruces,1984
New Mexico 3,Ben Ray Luján,Democratic,New Mexico Public Regulation Commissioner,University of New MexicoNew Mexico Highlands University (BA),2009,Santa Fe,1972
New York 1,Lee Zeldin,Republican,New York Senate,"University at Albany, SUNY (BA)Union University, New York (JD)",2015,Shirley,1980
New York 2,Peter T. King,Republican,"Hempstead Town Council, Nassau County, New York Comptroller",St. Francis College (BA)University of Notre Dame (JD),1993,Seaford,1944
New York 3,Thomas Suozzi,Democratic,"County Executive of Nassau County, New York, Mayor of Glen Cove, New York",Boston College (BA)Fordham University (JD),2017,Glen Cove,1962
New York 4,Kathleen Rice,Democratic,"District Attorney of Nassau County, New York",Catholic University (BA)Touro College (JD),2015,Garden City,1965
New York 5,Gregory Meeks,Democratic,New York State Assembly,Adelphi University (BA)Howard University (JD),1998 (special),Jamaica,1953
New York 6,Grace Meng,Democratic,New York State Assembly,University of Michigan (BA)Yeshiva University (JD),2013,"Flushing, Queens",1975
New York 7,Nydia Velázquez,Democratic,"Director, Dept. of Puerto Rican Community Affairs","University of Puerto Rico, Río Piedras (BA)New York University (MA)",1993,"Sunset Park, Brooklyn",1953
New York 8,Hakeem Jeffries,Democratic,New York State Assembly,Binghamton University (BA)Georgetown University (MPP)New York University (JD),2013,"Prospect Heights, Brooklyn",1970
New York 9,Yvette Clarke,Democratic,New York City Council,Oberlin CollegeMedgar Evers College,2007,"Flatbush, Brooklyn",1964
New York 10,Jerry Nadler,Democratic,New York State Assembly,Columbia University (BA)Fordham University (JD),1992 (special),"Chelsea, Manhattan",1947
New York 11,Max Rose,Democratic,U.S. Army,Wesleyan University (BA)London School of Economics (MS),2019,Staten Island,1986
New York 12,Carolyn Maloney,Democratic,New York City Council,Greensboro College (BA),1993,"East Harlem, Manhattan",1946
New York 13,Adriano Espaillat,Democratic,New York State SenateNew York State Assembly,"Queens College, City University of New York (BA)",2017,"Inwood, Manhattan",1954
New York 14,Alexandria Ocasio-Cortez,Democratic,Organizer for Bernie Sanders's 2016 presidential campaign,Boston University (BA),2019,Bronx,1989
New York 15,José E. Serrano,Democratic,New York State Assembly,Lehman College,1990 (special),"Concourse, Bronx",1943
New York 16,Eliot Engel,Democratic,"High school teacher, New York State Assembly","Lehman College (BA, MA)New York Law School (JD)",1989,"Riverdale, Bronx",1947
New York 17,Nita Lowey,Democratic,New York Assistant Secretary of State,Mount Holyoke College (BA),1989,Harrison,1937
New York 18,Sean Patrick Maloney,Democratic,Attorney,"Georgetown UniversityUniversity of Virginia (BA, JD)",2013,Carmel,1966
New York 19,Antonio Delgado,Democratic,Attorney,"Colgate University (BA)Queen's College, OxfordHarvard University (JD)",2019,Rhinebeck,1977
New York 20,Paul Tonko,Democratic,New York State Assembly,Clarkson University (BS),2009,Amsterdam,1949
New York 21,Elise Stefanik,Republican,"Civil servant, political activist",Harvard University (BA),2015,Schuylerville,1984
New York 22,Anthony Brindisi,Democratic,New York State Assembly,Mohawk Valley Community CollegeSiena College (BA)Albany Law School (JD),2019,Utica,1978
New York 23,Tom Reed,Republican,"Mayor of Corning (city), New York",Alfred University (BA)Ohio Northern University (JD),2010 (special),Corning,1971
New York 24,John Katko,Republican,"Attorney, Prosecutor U.S. Attorney's Office",Niagara University (BA)Syracuse University (JD),2015,Camillus,1962
New York 25,Joseph Morelle,Democratic,New York State Assembly,State University of New York at Geneseo (BA),2018 (special),Irondequoit,1957
New York 26,Brian Higgins,Democratic,Buffalo Common CouncilNew York State Assembly,"Buffalo State College (BA, MA)Harvard University (MPA)",2005,Buffalo,1959
New York 27,Chris Jacobs,Republican,New York State SenateSecretary of State of New YorkErie County Clerk,Boston College (BA)American University (MA)University at Buffalo (JD),2020 (special),Orchard Park,1966
North Carolina 1,G. K. Butterfield,Democratic,North Carolina Supreme Court Justice,"North Carolina Central University (BA, JD)",2004 (special),Wilson,1947
North Carolina 2,George Holding,Republican,U.S. Attorney for Eastern North Carolina,"Wake Forest University (BA, JD)",2013,Raleigh,1968
North Carolina 3,Greg Murphy,Republican,North Carolina House of Representatives,Davidson College (BA)University of North Carolina at Chapel Hill (MD),2019 (special),Greenville,1963
North Carolina 4,David Price,Democratic,"U.S. House, College professor","Mars Hill UniversityUniversity of North Carolina at Chapel Hill (BA)Yale University (BDiv, PhD)",1997,Chapel Hill,1940
North Carolina 5,Virginia Foxx,Republican,North Carolina Senate,"University of North Carolina at Chapel Hill (BA)University of North Carolina at Greensboro (MA, EdD)",2005,Banner Elk,1943
North Carolina 6,Mark Walker,Republican,Southern Baptist pastor,Trinity Baptist CollegePiedmont International University (BA),2015,Greensboro,1969
North Carolina 7,David Rouzer,Republican,North Carolina Senate,North Carolina State University (BS),2015,McGee Crossroads,1972
North Carolina 8,Richard Hudson,Republican,Businessman,University of North Carolina at Charlotte (BA),2013,Concord,1971
North Carolina 9,Dan Bishop,Republican,North Carolina SenateNorth Carolina House of Representatives Mecklenburg County Commission,"University of North Carolina at Chapel Hill (BS, JD)",2019 (special),Charlotte,1964
North Carolina 10,Patrick McHenry,Republican,North Carolina House of Representatives,North Carolina State UniversityBelmont Abbey College (BA),2005,Cherryville,1975
North Carolina 11,Vacant,,,,,,
North Carolina 12,Alma Adams,Democratic,North Carolina House of Representatives,"North Carolina A&T State University (BS, MS)Ohio State University (PhD)",2014 (special),Charlotte,1946
North Carolina 13,Ted Budd,Republican,Businessman,Appalachian State University (BS)Dallas Theological Seminary (MA)Wake Forest University (MBA),2017,Advance,1971
North Dakota at-large,Kelly Armstrong,Republican,"North Dakota Senate, Chair of the North Dakota Republican Party","University of North Dakota (BA, JD)",2019,Dickinson,1976
Ohio 1,Steve Chabot,Republican,"Cincinnati City CouncilHamilton County, Ohio CommissionerU.S. House",College of William & Mary (BA)Northern Kentucky University (JD),2011,Cincinnati,1953
Ohio 2,Brad Wenstrup,Republican,Physician,"University of Cincinnati (BA)Rosalind Franklin University (BS, DPM)",2013,Cincinnati,1958
Ohio 3,Joyce Beatty,Democratic,Ohio House of Representatives,Central State University (BA)Wright State University (MS)University of Cincinnati,2013,Columbus,1950
Ohio 4,Jim Jordan,Republican,Ohio SenateOhio House of Representatives,University of Wisconsin–Madison (BS)Ohio State University (MA)Capital University (JD),2007,Lima,1964
Ohio 5,Bob Latta,Republican,"Wood County, Ohio CommissionerOhio House of RepresentativesOhio Senate",Bowling Green State University (BA)University of Toledo (JD),2007,Bowling Green,1956
Ohio 6,Bill Johnson,Republican,United States Air Force,Troy University (BS)Georgia Institute of Technology (MS),2011,Marietta,1954
Ohio 7,Bob Gibbs,Republican,Ohio SenateOhio House of Representatives,"Ohio State University, Wooster",2011,"Washington Township, Holmes County",1954
Ohio 8,Warren Davidson,Republican,Businessman,United States Military Academy (BS)University of Notre Dame (MBA),2016 (special),Troy,1970
Ohio 9,Marcy Kaptur,Democratic,"Domestic Policy Advisor, Carter Adm.",University of Wisconsin–Madison (BA)University of Michigan (MUP)Massachusetts Institute of Technology,1983,Toledo,1946
Ohio 10,Mike Turner,Republican,"Mayor of Dayton, Ohio",Ohio Northern University (BA)Case Western Reserve University (JD)University of Dayton (MBA),2003,Dayton,1960
Ohio 11,Marcia Fudge,Democratic,"Mayor of Warrensville Heights, Ohio",Ohio State University (BS)Cleveland State University (JD),2008 (special),Cleveland,1952
Ohio 12,Troy Balderson,Republican,Ohio Senate,Muskingum UniversityOhio State University,2018 (special),Zanesville,1962
Ohio 13,Tim Ryan,Democratic,Ohio Senate,"Youngstown State UniversityBowling Green State University (BA)University of New Hampshire, Concord (JD)",2003,Niles,1973
Ohio 14,David Joyce,Republican,"Geauga County, Ohio Prosecutor","University of Dayton (BS, JD)",2013,Richmond Heights,1957
Ohio 15,Steve Stivers,Republican,Ohio Senate,"Ohio State University (BA, MBA)United States Army War College (MA)",2011,Columbus,1965
Ohio 16,Anthony Gonzalez,Republican,Football player,Ohio State University (BA)Stanford University (MBA),2019,Rocky River,1984
Oklahoma 1,Kevin Hern,Republican,Businessman,"Arkansas Tech University (BS)Georgia Institute of TechnologyUniversity of Arkansas, Little Rock (MBA)",2018 (special),Tulsa,1961
Oklahoma 2,Markwayne Mullin,Republican,Businessman,"Missouri Valley CollegeOklahoma State University, Okmulgee",2013,Westville,1977
Oklahoma 3,Frank Lucas,Republican,Oklahoma House of Representatives,Oklahoma State University–Stillwater (BS),1994 (special),Enid,1960
Oklahoma 4,Tom Cole,Republican,Oklahoma SenateOklahoma Secretary of StateCollege professor,Grinnell College (BA)Yale University (MA)University of Oklahoma (PhD),2003,Moore,1949
Oklahoma 5,Kendra Horn,Democratic,Lawyeractivist,University of Tulsa (BA)Southern Methodist University (JD),2019,Oklahoma City,1976
Oregon 1,Suzanne Bonamici,Democratic,Oregon House of RepresentativesOregon State Senate,"Lane Community CollegeUniversity of Oregon (BA, JD)",2012 (special),Beaverton,1954
Oregon 2,Greg Walden,Republican,Oregon House of RepresentativesOregon State Senate,University of Oregon (BS),1999,Hood River,1957
Oregon 3,Earl Blumenauer,Democratic,"Oregon House of RepresentativesMultnomah County, Oregon CommissionerPortland, Oregon City Commissioner","Lewis & Clark College (BA, JD)",1996 (special),Portland,1948
Oregon 4,Peter DeFazio,Democratic,"Lane County, Oregon Commissioner",Tufts University (BA)University of Oregon (MA),1987,Springfield,1947
Oregon 5,Kurt Schrader,Democratic,VeterinarianOregon State Senate,"Cornell University (BA)University of Illinois at Urbana–Champaign (BS, DVM)",2009,Canby,1951
Pennsylvania 1,Brian Fitzpatrick,Republican,FBI agentspecial Assistant U.S. Attorney,"La Salle University (BS)Pennsylvania State University (MBA)Pennsylvania State University, Carlisle (JD)",2017,Levittown,1973
Pennsylvania 2,Brendan Boyle,Democratic,Pennsylvania House of Representatives,University of Notre Dame (BA)Harvard University (MPP),2015,Philadelphia,1977
Pennsylvania 3,Dwight Evans,Democratic,Pennsylvania House of Representatives,Community College of Philadelphia (AA)La Salle University (BA),2016 (special),Philadelphia,1954
Pennsylvania 4,Madeleine Dean,Democratic,Pennsylvania House of Representatives,La Salle University (BA)Widener University (JD),2019,"Abington Township, Montgomery County",1959
Pennsylvania 5,Mary Gay Scanlon,Democratic,Attorney,Colgate University (BA)University of Pennsylvania (JD),2018 (special),Swarthmore,1959
Pennsylvania 6,Chrissy Houlahan,Democratic,EntrepreneurU.S. Air Force,Stanford University (BS)Massachusetts Institute of Technology (MS),2019,Devon,1967
Pennsylvania 7,Susan Wild,Democratic,"Solicitor of Allentown, Pennsylvania",American University (BA)George Washington University (JD),2018 (special),South Whitehall Township,1957
Pennsylvania 8,Matt Cartwright,Democratic,Attorney,"Hamilton College, New York (BA)University of Pennsylvania (JD)",2013,Moosic,1961
Pennsylvania 9,Dan Meuser,Republican,Secretary of Revenue of Pennsylvania,State University of New York Maritime CollegeCornell University,2019,Dallas,1964
Pennsylvania 10,Scott Perry,Republican,Pennsylvania House of RepresentativesbusinessmanU.S. Army,Pennsylvania State University (BS)United States Army War College (MS),2013,Harrisburg,1962
Pennsylvania 11,Lloyd Smucker,Republican,Pennsylvania Senate,Lebanon Valley CollegeFranklin and Marshall College,2017,West Lampeter Township,1964
Pennsylvania 12,Fred Keller,Republican,Pennsylvania House of Representatives,–,2019 (special),"Middlecreek Township, Snyder County",1965
Pennsylvania 13,John Joyce,Republican,Dermatologist,"Pennsylvania State University, AltoonaPennsylvania State University, University Park (BS)Temple University (MD)",2019,Altoona,1957
Pennsylvania 14,Guy Reschenthaler,Republican,Pennsylvania SenateJudgeU.S. Navy,"Pennsylvania State University, Behrend (BA)Duquesne University (JD)",2019,Jefferson Hills,1983
Pennsylvania 15,Glenn Thompson,Republican,Chair of the Centre County Republican Committee,Pennsylvania State University (BS)Temple University (MEd),2009,Oil City,1959
Pennsylvania 16,Mike Kelly,Republican,"Butler, Pennsylvania City Council",University of Notre Dame (BA),2011,Butler,1948
Pennsylvania 17,Conor Lamb,Democratic,Assistant U.S. Attorney for the Western District of PennsylvaniaU.S. Marine Corps,"University of Pennsylvania (BA, JD)",2018 (special),Mt. Lebanon,1984
Pennsylvania 18,Mike Doyle,Democratic,Pennsylvania State Senate Chief of Staff,Pennsylvania State University (BS),1995,Pittsburgh,1953
Rhode Island 1,David Cicilline,Democratic,"Mayor of Providence, Rhode IslandRhode Island House of Representatives",Brown University (BA)Georgetown University (JD),2011,Providence,1961
Rhode Island 2,James Langevin,Democratic,Secretary of State of Rhode IslandRhode Island House of Representatives,Rhode Island College (BA)Harvard University (MPA),2001,Warwick,1964
South Carolina 1,Joe Cunningham,Democratic,AttorneyOcean engineer,College of CharlestonFlorida Atlantic University (BS)Northern Kentucky University (JD),2019,Charleston,1982
South Carolina 2,Joe Wilson,Republican,South Carolina Senate,Washington and Lee University (BA)University of South Carolina (JD),2001 (special),West Columbia,1947
South Carolina 3,Jeff Duncan,Republican,South Carolina House of Representatives,Clemson University (BA),2011,Laurens,1966
South Carolina 4,William Timmons,Republican,Attorneyentrepreneur,"George Washington University (BA)University of South Carolina (MA, JD)",2019,Greenville,1984
South Carolina 5,Ralph Norman,Republican,"Real estate developer, South Carolina House of Representatives",Presbyterian College (BS),2017 (special),Rock Hill,1953
South Carolina 6,Jim Clyburn,Democratic,Political aideteacher,South Carolina State University (BA),1993,Columbia,1940
South Carolina 7,Tom Rice,Republican,"Attorneybusinessman, Horry County, South Carolina Chair","University of South Carolina (BS, MA, JD)",2013,Myrtle Beach,1957
South Dakota at-large,Dusty Johnson,Republican,Chief of Staff to the Governor of South DakotaSouth Dakota Public Utilities Commission,University of South Dakota (BA)University of Kansas (MPA),2019,Mitchell,1976
Tennessee 1,Phil Roe,Republican,"OB/GYN, Mayor of Johnson City, Tennessee",Austin Peay State University (BS)University of Tennessee (MD),2009,Johnson City,1945
Tennessee 2,Tim Burchett,Republican,"Mayor of Knox County, TennesseeTennessee SenateTennessee House of Representatives","University of Tennessee,Knoxville (BS)",2019,Knoxville,1964
Tennessee 3,Chuck Fleischmann,Republican,Attorney,University of Illinois at Urbana–Champaign (BA)University of Tennessee (JD),2011,Ooltewah,1962
Tennessee 4,Scott DesJarlais,Republican,Physician,"University of South Dakota (BS, MD)",2011,South Pittsburg,1964
Tennessee 5,Jim Cooper,Democratic,U.S. HouseCollege professor,"University of North Carolina at Chapel Hill (BA)Oriel College, Oxford (MA)Harvard University (JD)",2003,Nashville,1954
Tennessee 6,John Rose,Republican,Commissioner of Agriculture of Tennessee,"Tennessee Technological University (BS)Purdue University, West Lafayette (MS)Vanderbilt University (JD)",2019,Cookeville,1965
Tennessee 7,Mark E. Green,Republican,Tennessee Senate,United States Military Academy (BS)University of Southern California (MA)Wright State University (MD),2019,Clarksville,1964
Tennessee 8,David Kustoff,Republican,Attorney for the United States District Court for the Western District of Tennessee,"University of Memphis (BA, JD)",2017,Memphis,1966
Tennessee 9,Steve Cohen,Democratic,"Tennessee Senate, Attorney",Vanderbilt University (BA)University of Memphis (JD),2007,Memphis,1949
Texas 1,Louie Gohmert,Republican,Texas appeals court judge,Texas A&M University (BA)Baylor University (JD),2005,Tyler,1953
Texas 2,Dan Crenshaw,Republican,U.S. Navy SEAL,Tufts University (BA)Harvard University (MPA),2019,Spring,1984
Texas 3,Van Taylor,Republican,Texas SenateTexas House of Representatives,"Harvard University (BA, MBA)",2019,Plano,1972
Texas 4,Vacant,,,,,,
Texas 5,Lance Gooden,Republican,Texas House of Representatives,"University of Texas, Austin (BA, BBA)",2019,Kaufman,1982
Texas 6,Ron Wright,Republican,"Tarrant County Tax AssessorChief of Staff to Rep. Joe BartonArlington, Texas City Council","University of Texas, Arlington",2019,Arlington,1953
Texas 7,Lizzie Pannill Fletcher,Democratic,Attorney,Kenyon College (BA)College of William and Mary (JD),2019,Houston,1975
Texas 8,Kevin Brady,Republican,Texas House of Representatives,University of South Dakota (BA),1997,The Woodlands,1955
Texas 9,Al Green,Democratic,"Harris County, Texas Justice of the Peace, Houston NAACP president",Florida A&M UniversityTuskeegee University (BA)Texas Southern University (JD),2005,Houston,1947
Texas 10,Michael McCaul,Republican,AttorneyFederal prosecutor,"Trinity University (BA)St. Mary's University, Texas (JD)",2005,West Lake Hills,1962
Texas 11,Mike Conaway,Republican,Oil exploration executive,Texas A&M University–Commerce (BA),2005,Midland,1948
Texas 12,Kay Granger,Republican,Mayor of Fort Worth,Texas Wesleyan University (BA),1997,Fort Worth,1943
Texas 13,Mac Thornberry,Republican,RancherAttorney,Texas Tech University (BA)University of Texas at Austin (JD),1995,Clarendon,1958
Texas 14,Randy Weber,Republican,"Texas House of RepresentativesPearland, Texas City Council",Alvin Community CollegeUniversity of Houston–Clear Lake (BS),2013,Alvin,1953
Texas 15,Vicente Gonzalez,Democratic,"Food processing executive, Texas State Board of Education",Embry–Riddle Aeronautical University (BA)Texas Wesleyan University (JD),2017,McAllen,1967
Texas 16,Veronica Escobar,Democratic,"El Paso County, Texas CommissionEl Paso County Judge","University of Texas, El Paso (BA)New York University (MA)",2019,El Paso,1969
Texas 17,Bill Flores,Republican,Businessman,Texas A&M University (BA)Houston Baptist University(MBA),2011,Bryan,1954
Texas 18,Sheila Jackson Lee,Democratic,Houston City CouncilMunicipal judge,Yale University (BA)University of Virginia (JD),1995,Houston,1950
Texas 19,Jodey Arrington,Republican,EducatorPublic administratorWhite House aide,"Texas Tech University (BA, MPA)",2017,Lubbock,1972
Texas 20,Joaquin Castro,Democratic,Texas House of Representatives,Stanford University (BA)Harvard University (JD),2013,San Antonio,1974
Texas 21,Chip Roy,Republican,First Assistant Attorney General of Texas,"University of Virginia (BS, MS)University of Texas, Austin (JD)",2019,Austin,1972
Texas 22,Pete Olson,Republican,Congressional aide,Rice University (BA)University of Texas at Austin (JD),2009,Sugar Land,1962
Texas 23,Will Hurd,Republican,Corporate adviserCIA operative,Texas A&M University (BS),2015,Helotes,1977
Texas 24,Kenny Marchant,Republican,"Mayor of Carrollton, TexasTexas House of Representatives",Southern Nazarene University (BA)Nazarene Theological Seminary,2005,Coppell,1951
Texas 25,Roger Williams,Republican,Secretary of State of Texas,Texas Christian University (BA),2013,Weatherford,1949
Texas 26,Michael C. Burgess,Republican,Physician,"University of North Texas (BS, MS)University of Texas, Houston (MD)University of Texas at Dallas (MS)",2003,Lewisville,1950
Texas 27,Michael Cloud,Republican,Chair of the Victoria County Republican Party,Oral Roberts University (BS),2018 (special),Victoria,1975
Texas 28,Henry Cuellar,Democratic,Texas House of RepresentativesTexas Secretary of State,"Laredo Community CollegeGeorgetown University (BA)University of Texas at Austin (JD, PhD)Texas A&M International University (MA)",2005,Laredo,1955
Texas 29,Sylvia Garcia,Democratic,Texas Senate,Texas Woman's University (BA)Texas Southern University (JD),2019,Houston,1950
Texas 30,Eddie Bernice Johnson,Democratic,Texas SenateNurse,"St Mary's College, IndianaTexas Christian University (BS)Southern Methodist University (MPA)",1993,Dallas,1935
Texas 31,John Carter,Republican,Texas state district judge,Texas Tech University (BA)University of Texas at Austin (JD),2003,Round Rock,1941
Texas 32,Colin Allred,Democratic,AttorneyFootball player,"Baylor University (BA)University of California, Berkeley (JD)",2019,Dallas,1983
Texas 33,Marc Veasey,Democratic,Texas House of Representatives,Texas Wesleyan University (BA),2013,Fort Worth,1971
Texas 34,Filemon Vela Jr.,Democratic,Attorney,Georgetown University (BA)University of Texas at Austin (JD),2013,Brownsville,1963
Texas 35,Lloyd Doggett,Democratic,Texas SenateTexas Supreme Court justiceCollege professor,"University of Texas at Austin (BA, JD)",1995,Austin,1946
Texas 36,Brian Babin,Republican,"Lower Neches Valley AuthorityTexas Historical CommissionWoodville, Texas","Lamar University (BS)University of Texas, Houston (DDS)",2015,Woodville,1948
Utah 1,Rob Bishop,Republican,Utah House of RepresentativesUtah Republican Party Chair,University of Utah (BA),2003,Brigham City,1951
Utah 2,Chris Stewart,Republican,Authorbusinessman,Utah State University (BA),2013,Farmington,1960
Utah 3,John Curtis,Republican,"Mayor of Provo, Utah",Brigham Young University (BS),2017 (special),Provo,1960
Utah 4,Ben McAdams,Democratic,Mayor of Salt Lake CountyUtah Senate,University of Utah (BA)Columbia University (JD),2019,Salt Lake City,1974
Vermont at-large,Peter Welch,Democratic,Vermont Senate President Pro Tempore,"College of the Holy Cross (BA)University of California, Berkeley (JD)",2007,Norwich,1947
Virginia 1,Rob Wittman,Republican,"Mayor of Montross, VirginiaWestmoreland County, Virginia Board of Supervisors, Virginia House of Delegates",Virginia Tech (BS)University of North Carolina at Chapel Hill (MPH)Virginia Commonwealth University (PhD),2007 (special),Montross,1959
Virginia 2,Elaine Luria,Democratic,U.S. Navy Commander,United States Naval Academy (BS)Old Dominion University (MS),2019,Norfolk,1975
Virginia 3,Bobby Scott,Democratic,Virginia SenateVirginia House of Delegates,Harvard University (BA)Boston College (JD),1993,Newport News,1947
Virginia 4,Donald McEachin,Democratic,Virginia SenateVirginia House of Delegates,American University (BA)University of Virginia (JD)Virginia Union University (MDiv),2017,Henrico County,1961
Virginia 5,Denver Riggleman,Republican,Businessman,"Rowan College, BurlingtonAir UniversityUniversity of Virginia (BA)Villanova University",2019,Nellysford,1970
Virginia 6,Ben Cline,Republican,Virginia House of Delegates,Bates College (BA)University of Richmond (JD),2019,Rockbridge County,1972
Virginia 7,Abigail Spanberger,Democratic,CIA operations officer,University of Virginia (BA)Purdue University (MBA),2019,Glen Allen,1979
Virginia 8,Don Beyer,Democratic,U.S. Ambassador to Switzerland and LiechtensteinLieutenant Governor of Virginia,Williams College (BA),2015,Alexandria,1950
Virginia 9,Morgan Griffith,Republican,Virginia House of Delegates,Emory and Henry College (BA)Washington and Lee University (JD),2011,Salem,1958
Virginia 10,Jennifer Wexton,Democratic,Virginia Senate,"University of Maryland, College Park (BA)College of William and Mary (JD)",2019,Leesburg,1968
Virginia 11,Gerry Connolly,Democratic,Fairfax County Board of Supervisors Chair,"Maryknoll College (Glen Ellyn, Illinois)[2] (BA)Harvard University (MPA)",2009,Fairfax,1950
Washington 1,Suzan DelBene,Democratic,Washington Department of Revenue Director,Reed College (BS)University of Washington (MBA),2012 (special),Medina,1962
Washington 2,Rick Larsen,Democratic,"Snohomish County, Washington Council",Pacific Lutheran University (BA)University of Minnesota (MPA),2001,Lake Stevens,1965
Washington 3,Jaime Herrera Beutler,Republican,Washington House of Representatives,Bellevue CollegeUniversity of Washington (BA),2011,Camas,1978
Washington 4,Dan Newhouse,Republican,Washington House of Representatives,Washington State University (BS),2015,Sunnyside,1955
Washington 5,Cathy McMorris Rodgers,Republican,Washington House of Representatives,Pensacola Christian College (BA)University of Washington (MBA),2005,Colville,1969
Washington 6,Derek Kilmer,Democratic,Washington State Senate,"Princeton University (BA)University of Oxford (MA, PhD)",2013,Artondale,1974
Washington 7,Pramila Jayapal,Democratic,Washington State Senate,Georgetown University (BA)Northwestern University (MBA),2017,Seattle,1965
Washington 8,Kim Schrier,Democratic,Pediatrician,"University of California, Berkeley (BS)University of California, Davis (MD)",2019,Sammamish,1968
Washington 9,Adam Smith,Democratic,Washington State Senate,Western Washington UniversityFordham University (BA)University of Washington (JD),1997,Bellevue,1965
Washington 10,Denny Heck,Democratic,Washington House of Representatives,Evergreen State College (BA)Portland State University,2013,Olympia,1952
West Virginia 1,David McKinley,Republican,West Virginia House of Delegatesbusinessman,Purdue University (BS),2011,Wheeling,1947
West Virginia 2,Alex Mooney,Republican,Maryland Senate,Dartmouth College (BA),2015,Charles Town,1971
West Virginia 3,Carol Miller,Republican,West Virginia House of Delegates,"Columbia College, South Carolina (BA)",2019,Crab Orchard,1950
Wisconsin 1,Bryan Steil,Republican,Congressional aideAttorney,Georgetown University (BS)University of Wisconsin–Madison (JD),2019,Janesville,1981
Wisconsin 2,Mark Pocan,Democratic,Wisconsin State Assembly,University of Wisconsin–Madison (BA),2013,Madison,1964
Wisconsin 3,Ron Kind,Democratic,County Prosecutor,Harvard University (BA)London School of Economics(MA)University of Minnesota (JD),1997,La Crosse,1963
Wisconsin 4,Gwen Moore,Democratic,Wisconsin State SenateWisconsin State Assembly,Marquette University (BA),2005,Milwaukee,1951
Wisconsin 5,Jim Sensenbrenner,Republican,Wisconsin State SenateWisconsin State Assembly,Stanford University (BA)University of Wisconsin–Madison (JD),1979,Menomonee Falls,1943
Wisconsin 6,Glenn Grothman,Republican,Wisconsin SenateWisconsin State Assembly,"University of Wisconsin–Madison (BA, JD)",2015,Campbellsport,1955
Wisconsin 7,Tom Tiffany,Republican,Wisconsin SenateWisconsin State Assembly,University of Wisconsin–River Falls (BS),2020 (special),Minocqua,1957
Wisconsin 8,Mike Gallagher,Republican,Political advisorU.S. Marine Corps,"Princeton University (BA)National Intelligence University (MS)Georgetown University (MA, MS, PhD)",2017,Green Bay,1984
Wyoming at-large,Liz Cheney,Republican,Principal Deputy Assistant Secretary of State for Near Eastern Affairs,Colorado College (BA)University of Chicago (JD),2017,Jackson,1966
